"Panel_Name","SYMBOL","TERM","Major_Functional_Class"
"Granzyme B","GZMB","apoptotic process","Tissue destruction"
"Granzyme B","GZMB","negative regulation of translation","Resolution"
"Granzyme B","GZMB","killing of cells of another organism","Tissue destruction"
"Granzyme B","GZMB","natural killer cell mediated cytotoxicity","Tissue destruction"
"Granzyme B","GZMB","proteolysis involved in protein catabolic process","Tissue destruction"
"Granzyme B","GZMB","protein maturation","Tissue destruction"
"Granzyme B","GZMB","pyroptotic inflammatory response","Tissue destruction"
"Granzyme B","GZMB","granzyme-mediated programmed cell death signaling pathway","Tissue destruction"
"Granzyme B","GZMB","positive regulation of establishment of protein localization to mitochondrion","Tissue destruction"
"HSP70","HSPA1A","negative regulation of transcription by RNA polymerase II","Resolution"
"HSP70","HSPA1A","negative regulation of cell population proliferation","Immune cell amplification"
"HSP70","HSPA1A","negative regulation of cell growth","Resolution"
"HSP70","HSPA1A","negative regulation of transforming growth factor beta receptor signaling pathway","Resolution"
"HSP70","HSPA1A","negative regulation of protein ubiquitination","Resolution"
"HSP70","HSPA1A","negative regulation of apoptotic process","Tissue destruction"
"HSP70","HSPA1A","negative regulation of inclusion body assembly","Resolution"
"HSP70","HSPA1A","negative regulation of mitochondrial outer membrane permeabilization involved in apoptotic signaling pathway","Tissue destruction"
"HSP70","HSPA1A","negative regulation of endoplasmic reticulum stress-induced intrinsic apoptotic signaling pathway","Tissue destruction"
"HSP70","HSPA1A","negative regulation of extrinsic apoptotic signaling pathway in absence of ligand","Tissue destruction"
"MMP-8","MMP8","proteolysis","Tissue destruction"
"MMP-8","MMP8","extracellular matrix organization","Tissue construction / repair"
"MMP-8","MMP8","positive regulation of microglial cell activation","Immune cell activation"
"Eotaxin-2","CCL24","positive regulation of endothelial cell proliferation","Immune cell amplification"
"Eotaxin-2","CCL24","chemotaxis","Immune cell positioning"
"Eotaxin-2","CCL24","positive regulation of cell migration","Immune cell positioning"
"Eotaxin-2","CCL24","eosinophil chemotaxis","Immune cell positioning"
"Eotaxin-2","CCL24","positive regulation of eosinophil migration","Immune cell positioning"
"BCA-1","CXCL13","lymphocyte chemotaxis across high endothelial venule","Immune cell positioning"
"BCA-1","CXCL13","positive regulation of T cell chemotaxis","Immune cell positioning"
"BCA-1","CXCL13","neutrophil chemotaxis","Immune cell positioning"
"BCA-1","CXCL13","positive regulation of integrin activation","Immune cell activation"
"BCA-1","CXCL13","B cell chemotaxis","Immune cell positioning"
"BCA-1","CXCL13","endothelial cell chemotaxis to fibroblast growth factor","Immune cell positioning"
"BCA-1","CXCL13","activation of GTPase activity","Immune cell activation"
"BCA-1","CXCL13","negative regulation of endothelial cell chemotaxis to fibroblast growth factor","Immune cell positioning"
"MCP-4","CCL13","chemotaxis","Immune cell positioning"
"MCP-4","CCL13","positive regulation of cell migration","Immune cell positioning"
"MCP-4","CCL13","eosinophil chemotaxis","Immune cell positioning"
"I-309","CCL1","chemotaxis","Immune cell positioning"
"I-309","CCL1","positive regulation of cell migration","Immune cell positioning"
"I-309","CCL1","eosinophil chemotaxis","Immune cell positioning"
"I-309","CCL1","positive regulation of monocyte chemotaxis","Immune cell positioning"
"IL-16","IL16","leukocyte chemotaxis","Immune cell positioning"
"IL-16","IL16","induction of positive chemotaxis","Immune cell positioning"
"IL-16","IL16","positive regulation of neutrophil activation","Immune cell activation"
"6CKine","CCL21","dendritic cell chemotaxis","Immune cell positioning"
"6CKine","CCL21","positive regulation of T cell chemotaxis","Immune cell positioning"
"6CKine","CCL21","positive regulation of cell migration","Immune cell positioning"
"6CKine","CCL21","eosinophil chemotaxis","Immune cell positioning"
"6CKine","CCL21","positive regulation of chemotaxis","Immune cell positioning"
"6CKine","CCL21","cell chemotaxis","Immune cell positioning"
"6CKine","CCL21","positive regulation of neutrophil chemotaxis","Immune cell positioning"
"6CKine","CCL21","negative regulation of leukocyte tethering or rolling","Resolution"
"6CKine","CCL21","positive regulation of T cell migration","Immune cell positioning"
"6CKine","CCL21","positive regulation of myeloid dendritic cell chemotaxis","Immune cell positioning"
"6CKine","CCL21","negative regulation of dendritic cell dendrite assembly","Resolution"
"6CKine","CCL21","negative regulation of dendritic cell apoptotic process","Tissue destruction"
"LIF","LIF","positive regulation of cell population proliferation","Immune cell amplification"
"LIF","LIF","negative regulation of cell population proliferation","Immune cell amplification"
"LIF","LIF","negative regulation of meiotic nuclear division","Resolution"
"LIF","LIF","negative regulation of hormone secretion","Resolution"
"LIF","LIF","fibroblast proliferation","Immune cell amplification"
"LIF","LIF","positive regulation of fibroblast proliferation","Immune cell amplification"
"LIF","LIF","negative regulation of ERK1 and ERK2 cascade","Resolution"
"LIF","LIF","positive regulation of mesenchymal to epithelial transition involved in metanephros morphogenesis","Tissue construction / repair"
"LIF","LIF","regulation of metanephric nephron tubule epithelial cell differentiation","Tissue construction / repair"
"SCF","KITLG","neural crest cell migration","Immune cell positioning"
"SCF","KITLG","positive regulation of leukocyte migration","Immune cell positioning"
"SCF","KITLG","positive regulation of cell population proliferation","Immune cell amplification"
"SCF","KITLG","mast cell apoptotic process","Tissue destruction"
"SCF","KITLG","negative regulation of mast cell apoptotic process","Tissue destruction"
"SCF","KITLG","T cell proliferation","Immune cell amplification"
"SCF","KITLG","positive regulation of T cell proliferation","Immune cell amplification"
"SCF","KITLG","mast cell proliferation","Immune cell amplification"
"SCF","KITLG","positive regulation of mast cell proliferation","Immune cell amplification"
"SCF","KITLG","extrinsic apoptotic signaling pathway in absence of ligand","Tissue destruction"
"SCF","KITLG","melanocyte migration","Immune cell positioning"
"SCF","KITLG","mast cell migration","Immune cell positioning"
"SCF","KITLG","positive regulation of hematopoietic stem cell proliferation","Immune cell amplification"
"TSLP","TSLP","cell surface receptor signaling pathway via JAK-STAT","Immune cell activation"
"TSLP","TSLP","positive regulation of cell population proliferation","Immune cell amplification"
"TSLP","TSLP","positive regulation of mast cell activation","Immune cell activation"
"TSLP","TSLP","negative regulation of apoptotic process","Tissue destruction"
"IL-21","IL21","positive regulation of cytokine production","Immune cell activation"
"IL-21","IL21","positive regulation of cell population proliferation","Immune cell amplification"
"IL-21","IL21","positive regulation of B cell proliferation","Immune cell amplification"
"IL-21","IL21","positive regulation of T cell proliferation","Immune cell amplification"
"IL-21","IL21","positive regulation of natural killer cell mediated cytotoxicity","Tissue destruction"
"IL-23","IL23A","positive regulation of T cell mediated cytotoxicity","Tissue destruction"
"IL-23","IL23A","cell surface receptor signaling pathway via JAK-STAT","Immune cell activation"
"IL-23","IL23A","negative regulation of interleukin-10 production","Resolution"
"IL-23","IL23A","positive regulation of natural killer cell activation","Immune cell activation"
"IL-23","IL23A","positive regulation of natural killer cell proliferation","Immune cell amplification"
"IL-23","IL23A","T cell proliferation","Immune cell amplification"
"IL-23","IL23A","positive regulation of T cell proliferation","Immune cell amplification"
"IL-23","IL23A","positive regulation of activated T cell proliferation","Immune cell amplification"
"IL-23","IL23A","positive regulation of osteoclast differentiation","Bone remodeling"
"IL-23","IL23A","positive regulation of NK T cell activation","Immune cell activation"
"IL-23","IL23A","positive regulation of NK T cell proliferation","Immune cell amplification"
"IL-23","IL23A","positive regulation of neutrophil chemotaxis","Immune cell positioning"
"TRAIL","TNFSF10","apoptotic process","Tissue destruction"
"TRAIL","TNFSF10","TRAIL-activated apoptotic signaling pathway","Tissue destruction"
"TRAIL","TNFSF10","positive regulation of apoptotic process","Tissue destruction"
"TRAIL","TNFSF10","positive regulation of extrinsic apoptotic signaling pathway","Tissue destruction"
"SDF-1a.b","CXCL12","neuron migration","Immune cell positioning"
"SDF-1a.b","CXCL12","positive regulation of endothelial cell proliferation","Immune cell amplification"
"SDF-1a.b","CXCL12","chemotaxis","Immune cell positioning"
"SDF-1a.b","CXCL12","T cell chemotaxis","Immune cell positioning"
"SDF-1a.b","CXCL12","telencephalon cell migration","Immune cell positioning"
"SDF-1a.b","CXCL12","positive regulation of cell migration","Immune cell positioning"
"SDF-1a.b","CXCL12","animal organ regeneration","Tissue construction / repair"
"SDF-1a.b","CXCL12","integrin activation","Immune cell activation"
"SDF-1a.b","CXCL12","induction of positive chemotaxis","Immune cell positioning"
"SDF-1a.b","CXCL12","cell chemotaxis","Immune cell positioning"
"SDF-1a.b","CXCL12","positive regulation of monocyte chemotaxis","Immune cell positioning"
"SDF-1a.b","CXCL12","negative regulation of intrinsic apoptotic signaling pathway in response to DNA damage","Tissue destruction"
"SDF-1a.b","CXCL12","negative regulation of leukocyte tethering or rolling","Resolution"
"SDF-1a.b","CXCL12","positive regulation of T cell migration","Immune cell positioning"
"SDF-1a.b","CXCL12","negative regulation of dendritic cell apoptotic process","Tissue destruction"
"ENA-78","CXCL5","chemotaxis","Immune cell positioning"
"ENA-78","CXCL5","positive regulation of cell population proliferation","Immune cell amplification"
"ENA-78","CXCL5","neutrophil chemotaxis","Immune cell positioning"
"MIP-1d","CCL15","chemotaxis","Immune cell positioning"
"MIP-1d","CCL15","positive regulation of cell migration","Immune cell positioning"
"MIP-1d","CCL15","positive chemotaxis","Immune cell positioning"
"MIP-1d","CCL15","cell chemotaxis","Immune cell positioning"
"IL-28A","IFNL2","mucosal immune response","Immune cell activation"
"IL-28A","IFNL2","cell surface receptor signaling pathway via JAK-STAT","Immune cell activation"
"IL-28A","IFNL2","type III interferon-mediated signaling pathway","Immune cell activation"
"IL-28A","IFNL2","innate immune response","Immune cell activation"
"IL-28A","IFNL2","positive regulation of immune response","Immune cell activation"
"IL-28A","IFNL2","defense response to virus","Immune cell activation"
"IL-28A","IFNL2","cellular response to virus","Immune cell activation"
"EGF","EGF","positive regulation of endothelial cell proliferation","Immune cell amplification"
"EGF","EGF","positive regulation of cell population proliferation","Immune cell amplification"
"EGF","EGF","positive regulation of endothelial cell migration","Immune cell positioning"
"EGF","EGF","cerebellar granule cell precursor proliferation","Immune cell amplification"
"EGF","EGF","positive regulation of cerebellar granule cell precursor proliferation","Immune cell amplification"
"EGF","EGF","positive regulation of cell migration","Immune cell positioning"
"EGF","EGF","regulation of receptor signaling pathway via JAK-STAT","Immune cell activation"
"EGF","EGF","branching morphogenesis of an epithelial tube","Tissue construction / repair"
"EGF","EGF","epithelial cell proliferation","Immune cell amplification"
"EGF","EGF","negative regulation of secretion","Resolution"
"EGF","EGF","negative regulation of cholesterol efflux","Resolution"
"EGF","EGF","positive regulation of epithelial tube formation","Tissue construction / repair"
"Eotaxin","CCL11","positive regulation of endothelial cell proliferation","Immune cell amplification"
"Eotaxin","CCL11","mast cell chemotaxis","Immune cell positioning"
"Eotaxin","CCL11","chemotaxis","Immune cell positioning"
"Eotaxin","CCL11","positive regulation of cell migration","Immune cell positioning"
"Eotaxin","CCL11","eosinophil chemotaxis","Immune cell positioning"
"Eotaxin","CCL11","negative regulation of neurogenesis","Resolution"
"TGF-A","TGFA","positive regulation of cell population proliferation","Immune cell amplification"
"TGF-A","TGFA","positive regulation of epithelial cell proliferation","Immune cell amplification"
"TGF-A","TGFA","hepatocyte proliferation","Immune cell amplification"
"G-CSF","CSF3","positive regulation of cell population proliferation","Immune cell amplification"
"Flt-3L","FLT3LG","positive regulation of cell population proliferation","Immune cell amplification"
"GM-CSF","CSF2","cell surface receptor signaling pathway via JAK-STAT","Immune cell activation"
"GM-CSF","CSF2","cell population proliferation","Immune cell amplification"
"GM-CSF","CSF2","positive regulation of cell population proliferation","Immune cell amplification"
"GM-CSF","CSF2","positive regulation of cell migration","Immune cell positioning"
"GM-CSF","CSF2","epithelial fluid transport","Tissue construction / repair"
"GM-CSF","CSF2","negative regulation of DNA-templated transcription","Resolution"
"GM-CSF","CSF2","positive regulation of leukocyte proliferation","Immune cell amplification"
"GM-CSF","CSF2","negative regulation of extrinsic apoptotic signaling pathway in absence of ligand","Tissue destruction"
"Fractalkine","CX3CL1","microglial cell activation","Immune cell activation"
"Fractalkine","CX3CL1","positive regulation of neuroblast proliferation","Immune cell amplification"
"Fractalkine","CX3CL1","leukocyte migration involved in inflammatory response","Immune cell positioning"
"Fractalkine","CX3CL1","chemotaxis","Immune cell positioning"
"Fractalkine","CX3CL1","positive regulation of cell population proliferation","Immune cell amplification"
"Fractalkine","CX3CL1","negative regulation of cell-substrate adhesion","Resolution"
"Fractalkine","CX3CL1","positive regulation of cell migration","Immune cell positioning"
"Fractalkine","CX3CL1","negative regulation of cell migration","Immune cell positioning"
"Fractalkine","CX3CL1","neutrophil chemotaxis","Immune cell positioning"
"Fractalkine","CX3CL1","leukocyte chemotaxis","Immune cell positioning"
"Fractalkine","CX3CL1","negative regulation of interleukin-1 alpha production","Resolution"
"Fractalkine","CX3CL1","negative regulation of interleukin-1 beta production","Resolution"
"Fractalkine","CX3CL1","negative regulation of interleukin-6 production","Resolution"
"Fractalkine","CX3CL1","negative regulation of tumor necrosis factor production","Resolution"
"Fractalkine","CX3CL1","integrin activation","Immune cell activation"
"Fractalkine","CX3CL1","negative regulation of apoptotic process","Tissue destruction"
"Fractalkine","CX3CL1","eosinophil chemotaxis","Immune cell positioning"
"Fractalkine","CX3CL1","macrophage chemotaxis","Immune cell positioning"
"Fractalkine","CX3CL1","lymphocyte chemotaxis","Immune cell positioning"
"Fractalkine","CX3CL1","positive regulation of smooth muscle cell proliferation","Immune cell amplification"
"Fractalkine","CX3CL1","leukocyte adhesive activation","Immune cell activation"
"Fractalkine","CX3CL1","positive chemotaxis","Immune cell positioning"
"Fractalkine","CX3CL1","angiogenesis involved in wound healing","Tissue construction / repair"
"Fractalkine","CX3CL1","cell chemotaxis","Immune cell positioning"
"Fractalkine","CX3CL1","microglial cell proliferation","Immune cell amplification"
"Fractalkine","CX3CL1","extrinsic apoptotic signaling pathway in absence of ligand","Tissue destruction"
"Fractalkine","CX3CL1","negative regulation of hippocampal neuron apoptotic process","Tissue destruction"
"Fractalkine","CX3CL1","negative regulation of glutamate receptor signaling pathway","Resolution"
"Fractalkine","CX3CL1","negative regulation of microglial cell activation","Immune cell activation"
"Fractalkine","CX3CL1","positive regulation of microglial cell migration","Immune cell positioning"
"Fractalkine","CX3CL1","negative regulation of neuron migration","Immune cell positioning"
"Fractalkine","CX3CL1","negative regulation of apoptotic signaling pathway","Tissue destruction"
"Fractalkine","CX3CL1","negative regulation of extrinsic apoptotic signaling pathway in absence of ligand","Tissue destruction"
"IFN-A","IFNA1","T cell activation involved in immune response","Immune cell activation"
"IFN-A","IFNA1","B cell activation involved in immune response","Immune cell activation"
"IFN-A","IFNA1","natural killer cell activation involved in immune response","Immune cell activation"
"IFN-y","IFNG","negative regulation of transcription by RNA polymerase II","Resolution"
"IFN-y","IFNG","microglial cell activation","Immune cell activation"
"IFN-y","IFNG","positive regulation of cytokine production","Immune cell activation"
"IFN-y","IFNG","macrophage activation involved in immune response","Immune cell activation"
"IFN-y","IFNG","apoptotic process","Tissue destruction"
"IFN-y","IFNG","cell surface receptor signaling pathway via JAK-STAT","Immune cell activation"
"IFN-y","IFNG","positive regulation of cell population proliferation","Immune cell amplification"
"IFN-y","IFNG","negative regulation of gene expression","Resolution"
"IFN-y","IFNG","positive regulation of epithelial cell migration","Immune cell positioning"
"IFN-y","IFNG","negative regulation of epithelial cell differentiation","Resolution"
"IFN-y","IFNG","negative regulation of interleukin-17 production","Resolution"
"IFN-y","IFNG","positive regulation of smooth muscle cell apoptotic process","Tissue destruction"
"IFN-y","IFNG","positive regulation of osteoclast differentiation","Bone remodeling"
"IFN-y","IFNG","negative regulation of DNA-templated transcription","Resolution"
"IFN-y","IFNG","astrocyte activation","Immune cell activation"
"IFN-y","IFNG","negative regulation of smooth muscle cell proliferation","Immune cell amplification"
"IFN-y","IFNG","positive regulation of membrane protein ectodomain proteolysis","Tissue destruction"
"IFN-y","IFNG","extrinsic apoptotic signaling pathway","Tissue destruction"
"IFN-y","IFNG","negative regulation of amyloid-beta clearance","Resolution"
"GRO","CXCL1","chemotaxis","Immune cell positioning"
"GRO","CXCL1","negative regulation of cell population proliferation","Immune cell amplification"
"IL-10","IL10","negative regulation of cytokine production","Immune cell activation"
"IL-10","IL10","positive regulation of cytokine production","Immune cell activation"
"IL-10","IL10","positive regulation of endothelial cell proliferation","Immune cell amplification"
"IL-10","IL10","negative regulation of cytokine production involved in immune response","Immune cell activation"
"IL-10","IL10","negative regulation of chronic inflammatory response to antigenic stimulus","Resolution"
"IL-10","IL10","positive regulation of B cell apoptotic process","Tissue destruction"
"IL-10","IL10","negative regulation of cell population proliferation","Immune cell amplification"
"IL-10","IL10","negative regulation of autophagy","Resolution"
"IL-10","IL10","leukocyte chemotaxis","Immune cell positioning"
"IL-10","IL10","negative regulation of myeloid dendritic cell activation","Immune cell activation"
"IL-10","IL10","negative regulation of B cell proliferation","Immune cell amplification"
"IL-10","IL10","negative regulation of interferon-alpha production","Resolution"
"IL-10","IL10","negative regulation of type II interferon production","Resolution"
"IL-10","IL10","negative regulation of interleukin-1 production","Resolution"
"IL-10","IL10","negative regulation of interleukin-12 production","Resolution"
"IL-10","IL10","negative regulation of interleukin-18 production","Resolution"
"IL-10","IL10","negative regulation of interleukin-6 production","Resolution"
"IL-10","IL10","negative regulation of interleukin-8 production","Resolution"
"IL-10","IL10","negative regulation of tumor necrosis factor production","Resolution"
"IL-10","IL10","negative regulation of heterotypic cell-cell adhesion","Resolution"
"IL-10","IL10","B cell proliferation","Immune cell amplification"
"IL-10","IL10","negative regulation of T cell proliferation","Immune cell amplification"
"IL-10","IL10","positive regulation of macrophage activation","Immune cell activation"
"IL-10","IL10","negative regulation of apoptotic process","Tissue destruction"
"IL-10","IL10","negative regulation of nitric oxide biosynthetic process","Resolution"
"IL-10","IL10","negative regulation of MHC class II biosynthetic process","Resolution"
"IL-10","IL10","negative regulation of mitotic cell cycle","Resolution"
"IL-10","IL10","positive regulation of receptor signaling pathway via JAK-STAT","Immune cell activation"
"IL-10","IL10","negative regulation of inflammatory response","Resolution"
"IL-10","IL10","negative regulation of membrane protein ectodomain proteolysis","Tissue destruction"
"IL-10","IL10","negative regulation of cytokine activity","Resolution"
"IL-10","IL10","negative regulation of chemokine (C-C motif) ligand 5 production","Resolution"
"IL-10","IL10","endothelial cell apoptotic process","Tissue destruction"
"IL-10","IL10","liver regeneration","Tissue construction / repair"
"IL-10","IL10","negative regulation of oxidative stress-induced neuron intrinsic apoptotic signaling pathway","Tissue destruction"
"IL-10","IL10","negative regulation of vascular associated smooth muscle cell proliferation","Immune cell amplification"
"IL-10","IL10","positive regulation of vascular associated smooth muscle cell proliferation","Immune cell amplification"
"MCP-3","CCL7","monocyte chemotaxis","Immune cell positioning"
"MCP-3","CCL7","chemotaxis","Immune cell positioning"
"MCP-3","CCL7","positive regulation of cell migration","Immune cell positioning"
"MCP-3","CCL7","eosinophil chemotaxis","Immune cell positioning"
"MCP-3","CCL7","positive regulation of natural killer cell chemotaxis","Immune cell positioning"
"IL-12p40","IL12B","regulation of cytokine production","Immune cell activation"
"IL-12p40","IL12B","positive regulation of T cell mediated cytotoxicity","Tissue destruction"
"IL-12p40","IL12B","natural killer cell activation involved in immune response","Immune cell activation"
"IL-12p40","IL12B","positive regulation of natural killer cell mediated cytotoxicity directed against tumor cell target","Tissue destruction"
"IL-12p40","IL12B","negative regulation of inflammatory response to antigenic stimulus","Resolution"
"IL-12p40","IL12B","cell surface receptor signaling pathway via JAK-STAT","Immune cell activation"
"IL-12p40","IL12B","cell migration","Immune cell positioning"
"IL-12p40","IL12B","natural killer cell activation","Immune cell activation"
"IL-12p40","IL12B","negative regulation of interleukin-10 production","Resolution"
"IL-12p40","IL12B","negative regulation of interleukin-17 production","Resolution"
"IL-12p40","IL12B","positive regulation of natural killer cell activation","Immune cell activation"
"IL-12p40","IL12B","positive regulation of natural killer cell proliferation","Immune cell amplification"
"IL-12p40","IL12B","positive regulation of mononuclear cell proliferation","Immune cell amplification"
"IL-12p40","IL12B","positive regulation of smooth muscle cell apoptotic process","Tissue destruction"
"IL-12p40","IL12B","T cell proliferation","Immune cell amplification"
"IL-12p40","IL12B","positive regulation of T cell proliferation","Immune cell amplification"
"IL-12p40","IL12B","positive regulation of activated T cell proliferation","Immune cell amplification"
"IL-12p40","IL12B","positive regulation of osteoclast differentiation","Bone remodeling"
"IL-12p40","IL12B","negative regulation of smooth muscle cell proliferation","Immune cell amplification"
"IL-12p40","IL12B","positive regulation of lymphocyte proliferation","Immune cell amplification"
"IL-12p40","IL12B","negative regulation of protein secretion","Resolution"
"IL-12p40","IL12B","positive regulation of NK T cell activation","Immune cell activation"
"IL-12p40","IL12B","positive regulation of NK T cell proliferation","Immune cell amplification"
"IL-12p40","IL12B","negative regulation of vascular endothelial growth factor signaling pathway","Resolution"
"IL-12p40","IL12B","negative regulation of blood vessel endothelial cell proliferation involved in sprouting angiogenesis","Immune cell amplification"
"MDC","CCL22","chemotaxis","Immune cell positioning"
"MDC","CCL22","positive regulation of cell migration","Immune cell positioning"
"MDC","CCL22","eosinophil chemotaxis","Immune cell positioning"
"IL-12p70","IL12A","positive regulation of T cell mediated cytotoxicity","Tissue destruction"
"IL-12p70","IL12A","positive regulation of natural killer cell mediated cytotoxicity directed against tumor cell target","Tissue destruction"
"IL-12p70","IL12A","cell migration","Immune cell positioning"
"IL-12p70","IL12A","negative regulation of interleukin-17 production","Resolution"
"IL-12p70","IL12A","positive regulation of natural killer cell activation","Immune cell activation"
"IL-12p70","IL12A","positive regulation of mononuclear cell proliferation","Immune cell amplification"
"IL-12p70","IL12A","positive regulation of smooth muscle cell apoptotic process","Tissue destruction"
"IL-12p70","IL12A","positive regulation of natural killer cell mediated cytotoxicity","Tissue destruction"
"IL-12p70","IL12A","negative regulation of smooth muscle cell proliferation","Immune cell amplification"
"IL-12p70","IL12A","positive regulation of lymphocyte proliferation","Immune cell amplification"
"IL-12p70","IL12A","negative regulation of protein secretion","Resolution"
"IL-12p70","IL12A","positive regulation of NK T cell activation","Immune cell activation"
"IL-12p70","IL12A","extrinsic apoptotic signaling pathway","Tissue destruction"
"IL-12p70","IL12A","negative regulation of vascular endothelial growth factor signaling pathway","Resolution"
"IL-12p70","IL12A","negative regulation of blood vessel endothelial cell proliferation involved in sprouting angiogenesis","Immune cell amplification"
"IL-12p70","IL12A","positive regulation of dendritic cell chemotaxis","Immune cell positioning"
"PDGF-AA","PDGFA","cell activation","Immune cell activation"
"PDGF-AA","PDGFA","positive regulation of mesenchymal cell proliferation","Immune cell amplification"
"PDGF-AA","PDGFA","cell population proliferation","Immune cell amplification"
"PDGF-AA","PDGFA","positive regulation of cell population proliferation","Immune cell amplification"
"PDGF-AA","PDGFA","negative regulation of phosphatidylinositol biosynthetic process","Resolution"
"PDGF-AA","PDGFA","negative regulation of platelet activation","Immune cell activation"
"PDGF-AA","PDGFA","regulation of smooth muscle cell migration","Immune cell positioning"
"PDGF-AA","PDGFA","positive regulation of cell migration","Immune cell positioning"
"PDGF-AA","PDGFA","positive regulation of metanephric mesenchymal cell migration by platelet-derived growth factor receptor-beta signaling pathway","Immune cell positioning"
"PDGF-AA","PDGFA","wound healing","Tissue construction / repair"
"PDGF-AA","PDGFA","positive regulation of fibroblast proliferation","Immune cell amplification"
"PDGF-AA","PDGFA","negative chemotaxis","Immune cell positioning"
"PDGF-AA","PDGFA","regulation of branching involved in salivary gland morphogenesis by epithelial-mesenchymal signaling","Tissue construction / repair"
"IL-13","IL13","microglial cell activation","Immune cell activation"
"IL-13","IL13","positive regulation of B cell proliferation","Immune cell amplification"
"IL-13","IL13","macrophage activation","Immune cell activation"
"IL-13","IL13","positive regulation of macrophage activation","Immune cell activation"
"IL-13","IL13","positive regulation of smooth muscle cell proliferation","Immune cell amplification"
"IL-13","IL13","negative regulation of inflammatory response","Resolution"
"IL-13","IL13","negative regulation of transforming growth factor beta production","Resolution"
"IL-13","IL13","negative regulation of lung ciliated cell differentiation","Resolution"
"IL-13","IL13","negative regulation of complement-dependent cytotoxicity","Tissue destruction"
"IL-13","IL13","positive regulation of pancreatic stellate cell proliferation","Immune cell amplification"
"IL-13","IL13","negative regulation of endothelial cell apoptotic process","Tissue destruction"
"IL-15","IL15","natural killer cell proliferation","Immune cell amplification"
"IL-15","IL15","positive regulation of cytokine production","Immune cell activation"
"IL-15","IL15","NK T cell proliferation","Immune cell amplification"
"IL-15","IL15","positive regulation of cell population proliferation","Immune cell amplification"
"IL-15","IL15","positive regulation of natural killer cell proliferation","Immune cell amplification"
"IL-15","IL15","positive regulation of T cell proliferation","Immune cell amplification"
"IL-15","IL15","neutrophil activation","Immune cell activation"
"IL-15","IL15","positive regulation of immune response","Immune cell activation"
"IL-15","IL15","negative regulation of cold-induced thermogenesis","Resolution"
"sCD40L","CD40LG","platelet activation","Immune cell activation"
"sCD40L","CD40LG","B cell proliferation","Immune cell amplification"
"sCD40L","CD40LG","positive regulation of T cell proliferation","Immune cell amplification"
"sCD40L","CD40LG","negative regulation of apoptotic process","Tissue destruction"
"sCD40L","CD40LG","positive regulation of endothelial cell apoptotic process","Tissue destruction"
"sCD40L","CD40LG","positive regulation of extrinsic apoptotic signaling pathway","Tissue destruction"
"IL-17A","IL17A","apoptotic process","Tissue destruction"
"IL-17A","IL17A","keratinocyte proliferation","Immune cell amplification"
"IL-17A","IL17A","positive regulation of osteoclast differentiation","Bone remodeling"
"IL-17A","IL17A","intestinal epithelial structure maintenance","Tissue construction / repair"
"IL-17A","IL17A","fibroblast activation","Immune cell activation"
"IL-17A","IL17A","granulocyte migration","Immune cell positioning"
"IL-17A","IL17A","negative regulation of inflammatory response to wounding","Resolution"
"IL-17A","IL17A","positive regulation of cytokine production involved in inflammatory response","Immune cell activation"
"IL-1RA","IL1RN","negative regulation of cytokine-mediated signaling pathway","Resolution"
"IL-1RA","IL1RN","negative regulation of heterotypic cell-cell adhesion","Resolution"
"IL-1RA","IL1RN","negative regulation of interleukin-1-mediated signaling pathway","Resolution"
"IL-1A","IL1A","cytokine production","Immune cell activation"
"IL-1A","IL1A","positive regulation of cytokine production","Immune cell activation"
"IL-1A","IL1A","connective tissue replacement involved in inflammatory response wound healing","Tissue construction / repair"
"IL-1A","IL1A","apoptotic process","Tissue destruction"
"IL-1A","IL1A","negative regulation of cell population proliferation","Immune cell amplification"
"IL-1A","IL1A","positive regulation of immature T cell proliferation in thymus","Immune cell amplification"
"IL-1A","IL1A","extrinsic apoptotic signaling pathway in absence of ligand","Tissue destruction"
"IL-1A","IL1A","positive regulation of neutrophil migration","Immune cell positioning"
"IL-1A","IL1A","negative regulation of establishment of Sertoli cell barrier","Resolution"
"IL-1A","IL1A","negative regulation of extrinsic apoptotic signaling pathway in absence of ligand","Tissue destruction"
"IL-1B","IL1B","cytokine production","Immune cell activation"
"IL-1B","IL1B","apoptotic process","Tissue destruction"
"IL-1B","IL1B","positive regulation of cell population proliferation","Immune cell amplification"
"IL-1B","IL1B","negative regulation of cell population proliferation","Immune cell amplification"
"IL-1B","IL1B","positive regulation of epithelial to mesenchymal transition","Tissue construction / repair"
"IL-1B","IL1B","negative regulation of D-glucose transmembrane transport","Resolution"
"IL-1B","IL1B","positive regulation of cell migration","Immune cell positioning"
"IL-1B","IL1B","neutrophil chemotaxis","Immune cell positioning"
"IL-1B","IL1B","positive regulation of immature T cell proliferation in thymus","Immune cell amplification"
"IL-1B","IL1B","positive regulation of T cell proliferation","Immune cell amplification"
"IL-1B","IL1B","negative regulation of MAP kinase activity","Resolution"
"IL-1B","IL1B","negative regulation of lipid metabolic process","Resolution"
"IL-1B","IL1B","positive regulation of complement activation","Immune cell activation"
"IL-1B","IL1B","negative regulation of insulin receptor signaling pathway","Resolution"
"IL-1B","IL1B","astrocyte activation","Immune cell activation"
"IL-1B","IL1B","negative regulation of neurogenesis","Resolution"
"IL-1B","IL1B","negative regulation of synaptic transmission","Resolution"
"IL-1B","IL1B","negative regulation of lipid catabolic process","Resolution"
"IL-1B","IL1B","positive regulation of membrane protein ectodomain proteolysis","Tissue destruction"
"IL-1B","IL1B","positive regulation of glial cell proliferation","Immune cell amplification"
"IL-1B","IL1B","negative regulation of adiponectin secretion","Resolution"
"IL-1B","IL1B","extrinsic apoptotic signaling pathway in absence of ligand","Tissue destruction"
"IL-1B","IL1B","negative regulation of gap junction assembly","Resolution"
"IL-1B","IL1B","positive regulation of T-helper 1 cell cytokine production","Immune cell activation"
"IL-1B","IL1B","negative regulation of extrinsic apoptotic signaling pathway in absence of ligand","Tissue destruction"
"IL-2","IL2","leukocyte activation involved in immune response","Immune cell activation"
"IL-2","IL2","negative regulation of B cell apoptotic process","Tissue destruction"
"IL-2","IL2","positive regulation of cell population proliferation","Immune cell amplification"
"IL-2","IL2","natural killer cell activation","Immune cell activation"
"IL-2","IL2","positive regulation of B cell proliferation","Immune cell amplification"
"IL-2","IL2","positive regulation of activated T cell proliferation","Immune cell amplification"
"IL-2","IL2","negative regulation of apoptotic process","Tissue destruction"
"IL-2","IL2","regulation of T cell homeostatic proliferation","Immune cell amplification"
"IL-2","IL2","negative regulation of lymphocyte proliferation","Immune cell amplification"
"IL-2","IL2","negative regulation of inflammatory response","Resolution"
"IL-2","IL2","activated T cell proliferation","Immune cell amplification"
"IL-2","IL2","extrinsic apoptotic signaling pathway in absence of ligand","Tissue destruction"
"IL-2","IL2","negative regulation of T-helper 17 cell differentiation","Resolution"
"IL-2","IL2","regulation of CD4-positive, alpha-beta T cell proliferation","Immune cell amplification"
"IL-6","IL6","neutrophil apoptotic process","Tissue destruction"
"IL-6","IL6","monocyte chemotaxis","Immune cell positioning"
"IL-6","IL6","positive regulation of leukocyte chemotaxis","Immune cell positioning"
"IL-6","IL6","cell surface receptor signaling pathway via JAK-STAT","Immune cell activation"
"IL-6","IL6","positive regulation of cell population proliferation","Immune cell amplification"
"IL-6","IL6","negative regulation of cell population proliferation","Immune cell amplification"
"IL-6","IL6","positive regulation of epithelial to mesenchymal transition","Tissue construction / repair"
"IL-6","IL6","negative regulation of lipid storage","Resolution"
"IL-6","IL6","platelet activation","Immune cell activation"
"IL-6","IL6","negative regulation of chemokine production","Resolution"
"IL-6","IL6","negative regulation of collagen biosynthetic process","Resolution"
"IL-6","IL6","positive regulation of T cell proliferation","Immune cell amplification"
"IL-6","IL6","positive regulation of apoptotic process","Tissue destruction"
"IL-6","IL6","negative regulation of apoptotic process","Tissue destruction"
"IL-6","IL6","negative regulation of fat cell differentiation","Resolution"
"IL-6","IL6","positive regulation of osteoblast differentiation","Bone remodeling"
"IL-6","IL6","negative regulation of bone resorption","Resolution"
"IL-6","IL6","positive regulation of receptor signaling pathway via JAK-STAT","Immune cell activation"
"IL-6","IL6","positive regulation of smooth muscle cell proliferation","Immune cell amplification"
"IL-6","IL6","negative regulation of neurogenesis","Resolution"
"IL-6","IL6","positive regulation of B cell activation","Immune cell activation"
"IL-6","IL6","positive regulation of glial cell proliferation","Immune cell amplification"
"IL-6","IL6","regulation of astrocyte activation","Immune cell activation"
"IL-6","IL6","hepatocyte proliferation","Immune cell amplification"
"IL-6","IL6","liver regeneration","Tissue construction / repair"
"IL-6","IL6","positive regulation of cytokine production involved in inflammatory response","Immune cell activation"
"IL-6","IL6","positive regulation of apoptotic DNA fragmentation","Tissue destruction"
"IL-6","IL6","regulation of microglial cell activation","Immune cell activation"
"IL-6","IL6","positive regulation of T-helper 2 cell cytokine production","Immune cell activation"
"IL-6","IL6","negative regulation of primary miRNA processing","Resolution"
"IL-6","IL6","negative regulation of interleukin-1-mediated signaling pathway","Resolution"
"IL-6","IL6","positive regulation of type B pancreatic cell apoptotic process","Tissue destruction"
"IL-7","IL7","positive regulation of cell population proliferation","Immune cell amplification"
"IL-7","IL7","positive regulation of B cell proliferation","Immune cell amplification"
"IL-7","IL7","B cell proliferation","Immune cell amplification"
"IL-7","IL7","negative regulation of apoptotic process","Tissue destruction"
"IL-7","IL7","extrinsic apoptotic signaling pathway","Tissue destruction"
"IL-7","IL7","negative regulation of extrinsic apoptotic signaling pathway in absence of ligand","Tissue destruction"
"IL-8","CXCL8","chemotaxis","Immune cell positioning"
"IL-8","CXCL8","negative regulation of cell population proliferation","Immune cell amplification"
"IL-8","CXCL8","negative regulation of gene expression","Resolution"
"IL-8","CXCL8","neutrophil chemotaxis","Immune cell positioning"
"IL-8","CXCL8","neutrophil activation","Immune cell activation"
"IL-8","CXCL8","negative regulation of G protein-coupled receptor signaling pathway","Resolution"
"IL-8","CXCL8","induction of positive chemotaxis","Immune cell positioning"
"IL-8","CXCL8","negative regulation of cell adhesion molecule production","Resolution"
"IL-8","CXCL8","positive regulation of neutrophil chemotaxis","Immune cell positioning"
"IP-10","CXCL10","chemotaxis","Immune cell positioning"
"IP-10","CXCL10","positive regulation of cell population proliferation","Immune cell amplification"
"IP-10","CXCL10","T cell chemotaxis","Immune cell positioning"
"IP-10","CXCL10","regulation of T cell chemotaxis","Immune cell positioning"
"IP-10","CXCL10","negative regulation of angiogenesis","Resolution"
"IP-10","CXCL10","neutrophil chemotaxis","Immune cell positioning"
"IP-10","CXCL10","endothelial cell activation","Immune cell activation"
"IP-10","CXCL10","regulation of cell population proliferation","Immune cell amplification"
"IP-10","CXCL10","regulation of apoptotic process","Tissue destruction"
"IP-10","CXCL10","negative regulation of myoblast differentiation","Resolution"
"IP-10","CXCL10","positive chemotaxis","Immune cell positioning"
"IP-10","CXCL10","positive regulation of monocyte chemotaxis","Immune cell positioning"
"IP-10","CXCL10","negative regulation of myoblast fusion","Resolution"
"IP-10","CXCL10","positive regulation of T cell migration","Immune cell positioning"
"MCP-1","CCL2","monocyte chemotaxis","Immune cell positioning"
"MCP-1","CCL2","chemotaxis","Immune cell positioning"
"MCP-1","CCL2","cell surface receptor signaling pathway via JAK-STAT","Immune cell activation"
"MCP-1","CCL2","positive regulation of cell migration","Immune cell positioning"
"MCP-1","CCL2","negative regulation of glial cell apoptotic process","Tissue destruction"
"MCP-1","CCL2","negative regulation of neuron apoptotic process","Tissue destruction"
"MCP-1","CCL2","astrocyte cell migration","Immune cell positioning"
"MCP-1","CCL2","eosinophil chemotaxis","Immune cell positioning"
"MCP-1","CCL2","macrophage chemotaxis","Immune cell positioning"
"MCP-1","CCL2","positive regulation of T cell activation","Immune cell activation"
"MCP-1","CCL2","negative regulation of vascular endothelial cell proliferation","Immune cell amplification"
"MCP-1","CCL2","negative regulation of G1/S transition of mitotic cell cycle","Resolution"
"MCP-1","CCL2","positive regulation of endothelial cell apoptotic process","Tissue destruction"
"MCP-1","CCL2","positive regulation of apoptotic cell clearance","Tissue destruction"
"MCP-1","CCL2","negative regulation of natural killer cell chemotaxis","Immune cell positioning"
"MIP-1A","CCL3","osteoblast differentiation","Bone remodeling"
"MIP-1A","CCL3","cell activation","Immune cell activation"
"MIP-1A","CCL3","monocyte chemotaxis","Immune cell positioning"
"MIP-1A","CCL3","chemotaxis","Immune cell positioning"
"MIP-1A","CCL3","negative regulation of gene expression","Resolution"
"MIP-1A","CCL3","T cell chemotaxis","Immune cell positioning"
"MIP-1A","CCL3","positive regulation of cell migration","Immune cell positioning"
"MIP-1A","CCL3","negative regulation of bone mineralization","Resolution"
"MIP-1A","CCL3","neutrophil chemotaxis","Immune cell positioning"
"MIP-1A","CCL3","positive regulation of neuron apoptotic process","Tissue destruction"
"MIP-1A","CCL3","astrocyte cell migration","Immune cell positioning"
"MIP-1A","CCL3","negative regulation by host of viral transcription","Resolution"
"MIP-1A","CCL3","negative regulation of osteoclast differentiation","Resolution"
"MIP-1A","CCL3","eosinophil chemotaxis","Immune cell positioning"
"MIP-1A","CCL3","macrophage chemotaxis","Immune cell positioning"
"MIP-1A","CCL3","lymphocyte chemotaxis","Immune cell positioning"
"MIP-1A","CCL3","positive chemotaxis","Immune cell positioning"
"MIP-1A","CCL3","cell chemotaxis","Immune cell positioning"
"MIP-1A","CCL3","granulocyte chemotaxis","Immune cell positioning"
"MIP-1A","CCL3","positive regulation of microglial cell activation","Immune cell activation"
"MIP-1A","CCL3","positive regulation of microglial cell migration","Immune cell positioning"
"MIP-1A","CCL3","positive regulation of natural killer cell chemotaxis","Immune cell positioning"
"MIP-1B","CCL4","positive regulation of cell migration","Immune cell positioning"
"MIP-1B","CCL4","negative regulation by host of viral transcription","Resolution"
"MIP-1B","CCL4","eosinophil chemotaxis","Immune cell positioning"
"MIP-1B","CCL4","positive regulation of natural killer cell chemotaxis","Immune cell positioning"
"RANTES","CCL5","dendritic cell chemotaxis","Immune cell positioning"
"RANTES","CCL5","monocyte chemotaxis","Immune cell positioning"
"RANTES","CCL5","chemotaxis","Immune cell positioning"
"RANTES","CCL5","positive regulation of macrophage chemotaxis","Immune cell positioning"
"RANTES","CCL5","positive regulation of T cell chemotaxis","Immune cell positioning"
"RANTES","CCL5","positive regulation of smooth muscle cell migration","Immune cell positioning"
"RANTES","CCL5","positive regulation of cell migration","Immune cell positioning"
"RANTES","CCL5","activation of phospholipase D activity","Immune cell activation"
"RANTES","CCL5","positive regulation of T cell proliferation","Immune cell amplification"
"RANTES","CCL5","neutrophil activation","Immune cell activation"
"RANTES","CCL5","negative regulation by host of viral transcription","Resolution"
"RANTES","CCL5","negative regulation of viral genome replication","Resolution"
"RANTES","CCL5","negative regulation of G protein-coupled receptor signaling pathway","Resolution"
"RANTES","CCL5","eosinophil chemotaxis","Immune cell positioning"
"RANTES","CCL5","macrophage chemotaxis","Immune cell positioning"
"RANTES","CCL5","positive regulation of smooth muscle cell proliferation","Immune cell amplification"
"RANTES","CCL5","epithelial cell proliferation","Immune cell amplification"
"RANTES","CCL5","positive regulation of epithelial cell proliferation","Immune cell amplification"
"RANTES","CCL5","regulation of T cell activation","Immune cell activation"
"RANTES","CCL5","positive chemotaxis","Immune cell positioning"
"RANTES","CCL5","negative regulation of chemokine-mediated signaling pathway","Resolution"
"RANTES","CCL5","negative regulation of T cell apoptotic process","Tissue destruction"
"RANTES","CCL5","positive regulation of T cell apoptotic process","Tissue destruction"
"RANTES","CCL5","positive regulation of monocyte chemotaxis","Immune cell positioning"
"RANTES","CCL5","negative regulation of macrophage apoptotic process","Tissue destruction"
"RANTES","CCL5","positive regulation of T cell migration","Immune cell positioning"
"RANTES","CCL5","positive regulation of natural killer cell chemotaxis","Immune cell positioning"
"TNF-A","TNF","negative regulation of transcription by RNA polymerase II","Resolution"
"TNF-A","TNF","microglial cell activation","Immune cell activation"
"TNF-A","TNF","positive regulation of cytokine production","Immune cell activation"
"TNF-A","TNF","negative regulation of endothelial cell proliferation","Immune cell amplification"
"TNF-A","TNF","negative regulation of L-glutamate import across plasma membrane","Resolution"
"TNF-A","TNF","macrophage activation involved in immune response","Immune cell activation"
"TNF-A","TNF","leukocyte migration involved in inflammatory response","Immune cell positioning"
"TNF-A","TNF","negative regulation of cytokine production involved in immune response","Immune cell activation"
"TNF-A","TNF","negative regulation of systemic arterial blood pressure","Resolution"
"TNF-A","TNF","cell surface receptor signaling pathway via JAK-STAT","Immune cell activation"
"TNF-A","TNF","extrinsic apoptotic signaling pathway via death domain receptors","Tissue destruction"
"TNF-A","TNF","intrinsic apoptotic signaling pathway in response to DNA damage","Tissue destruction"
"TNF-A","TNF","negative regulation of heart rate","Resolution"
"TNF-A","TNF","negative regulation of gene expression","Resolution"
"TNF-A","TNF","negative regulation of lipid storage","Resolution"
"TNF-A","TNF","extracellular matrix organization","Tissue construction / repair"
"TNF-A","TNF","osteoclast differentiation","Bone remodeling"
"TNF-A","TNF","negative regulation of myelination","Resolution"
"TNF-A","TNF","negative regulation of interleukin-6 production","Resolution"
"TNF-A","TNF","positive regulation of apoptotic process","Tissue destruction"
"TNF-A","TNF","negative regulation of protein-containing complex disassembly","Resolution"
"TNF-A","TNF","positive regulation of neuron apoptotic process","Tissue destruction"
"TNF-A","TNF","negative regulation of blood vessel endothelial cell migration","Immune cell positioning"
"TNF-A","TNF","negative regulation of viral genome replication","Resolution"
"TNF-A","TNF","negative regulation of fat cell differentiation","Resolution"
"TNF-A","TNF","negative regulation of myoblast differentiation","Resolution"
"TNF-A","TNF","negative regulation of osteoblast differentiation","Resolution"
"TNF-A","TNF","positive regulation of osteoclast differentiation","Bone remodeling"
"TNF-A","TNF","negative regulation of DNA-templated transcription","Resolution"
"TNF-A","TNF","negative regulation of mitotic cell cycle","Resolution"
"TNF-A","TNF","negative regulation of D-glucose import","Resolution"
"TNF-A","TNF","astrocyte activation","Immune cell activation"
"TNF-A","TNF","positive regulation of smooth muscle cell proliferation","Immune cell amplification"
"TNF-A","TNF","negative regulation of neurogenesis","Resolution"
"TNF-A","TNF","negative regulation of lipid catabolic process","Resolution"
"TNF-A","TNF","positive regulation of membrane protein ectodomain proteolysis","Tissue destruction"
"TNF-A","TNF","positive regulation of glial cell proliferation","Immune cell amplification"
"TNF-A","TNF","epithelial cell proliferation involved in salivary gland morphogenesis","Immune cell amplification"
"TNF-A","TNF","negative regulation of vascular wound healing","Resolution"
"TNF-A","TNF","negative regulation of branching involved in lung morphogenesis","Resolution"
"TNF-A","TNF","positive regulation of mononuclear cell migration","Immune cell positioning"
"TNF-A","TNF","endothelial cell apoptotic process","Tissue destruction"
"TNF-A","TNF","negative regulation of oxidative phosphorylation","Resolution"
"TNF-A","TNF","extrinsic apoptotic signaling pathway","Tissue destruction"
"TNF-A","TNF","liver regeneration","Tissue construction / repair"
"TNF-A","TNF","negative regulation of bile acid secretion","Resolution"
"TNF-A","TNF","positive regulation of cytokine production involved in inflammatory response","Immune cell activation"
"TNF-A","TNF","negative regulation of amyloid-beta clearance","Resolution"
"TNF-A","TNF","positive regulation of synoviocyte proliferation","Immune cell amplification"
"TNF-A","TNF","positive regulation of neutrophil activation","Immune cell activation"
"TNF-A","TNF","negative regulation of miRNA transcription","Resolution"
"TNF-A","TNF","negative regulation of bicellular tight junction assembly","Resolution"
"TNF-A","TNF","positive regulation of vascular associated smooth muscle cell proliferation","Immune cell amplification"
"TNF-A","TNF","negative regulation of signaling receptor activity","Resolution"
"TNF-A","TNF","positive regulation of hepatocyte proliferation","Immune cell amplification"
"TNF-A","TNF","regulation of endothelial cell apoptotic process","Tissue destruction"
"TNF-A","TNF","negative regulation of apoptotic signaling pathway","Tissue destruction"
"TNF-A","TNF","positive regulation of extrinsic apoptotic signaling pathway","Tissue destruction"
"TNF-A","TNF","negative regulation of extrinsic apoptotic signaling pathway in absence of ligand","Tissue destruction"
"VEGF","VEGFA","negative regulation of transcription by RNA polymerase II","Resolution"
"VEGF","VEGFA","endothelial cell proliferation","Immune cell amplification"
"VEGF","VEGFA","positive regulation of endothelial cell proliferation","Immune cell amplification"
"VEGF","VEGFA","cell migration involved in sprouting angiogenesis","Immune cell positioning"
"VEGF","VEGFA","positive regulation of neuroblast proliferation","Immune cell amplification"
"VEGF","VEGFA","epithelial cell maturation","Tissue construction / repair"
"VEGF","VEGFA","basophil chemotaxis","Immune cell positioning"
"VEGF","VEGFA","positive regulation of leukocyte migration","Immune cell positioning"
"VEGF","VEGFA","apoptotic process","Tissue destruction"
"VEGF","VEGFA","neuroblast proliferation","Immune cell amplification"
"VEGF","VEGFA","positive regulation of cell population proliferation","Immune cell amplification"
"VEGF","VEGFA","positive regulation of endothelial cell migration","Immune cell positioning"
"VEGF","VEGFA","negative regulation of gene expression","Resolution"
"VEGF","VEGFA","negative regulation of epithelial to mesenchymal transition","Resolution"
"VEGF","VEGFA","positive regulation of cell migration","Immune cell positioning"
"VEGF","VEGFA","epithelial cell differentiation","Tissue construction / repair"
"VEGF","VEGFA","endothelial cell chemotaxis","Immune cell positioning"
"VEGF","VEGFA","positive regulation of endothelial cell chemotaxis by VEGF-activated vascular endothelial growth factor receptor signaling pathway","Immune cell positioning"
"VEGF","VEGFA","positive regulation of cell proliferation by VEGF-activated platelet derived growth factor receptor signaling pathway","Immune cell amplification"
"VEGF","VEGFA","negative regulation of apoptotic process","Tissue destruction"
"VEGF","VEGFA","positive regulation of blood vessel endothelial cell migration","Immune cell positioning"
"VEGF","VEGFA","negative regulation of fat cell differentiation","Resolution"
"VEGF","VEGFA","positive regulation of osteoblast differentiation","Bone remodeling"
"VEGF","VEGFA","positive regulation of epithelial cell proliferation","Immune cell amplification"
"VEGF","VEGFA","positive chemotaxis","Immune cell positioning"
"VEGF","VEGFA","positive regulation of positive chemotaxis","Immune cell positioning"
"VEGF","VEGFA","induction of positive chemotaxis","Immune cell positioning"
"VEGF","VEGFA","positive regulation of mast cell chemotaxis","Immune cell positioning"
"VEGF","VEGFA","vascular wound healing","Tissue construction / repair"
"VEGF","VEGFA","positive regulation of cell migration involved in sprouting angiogenesis","Immune cell positioning"
"VEGF","VEGFA","motor neuron migration","Immune cell positioning"
"VEGF","VEGFA","positive regulation of trophoblast cell migration","Immune cell positioning"
"VEGF","VEGFA","negative regulation of miRNA transcription","Resolution"
"VEGF","VEGFA","negative regulation of establishment of endothelial barrier","Resolution"
"VEGF","VEGFA","negative regulation of adherens junction organization","Resolution"
"VEGF","VEGFA","positive regulation of blood vessel endothelial cell proliferation involved in sprouting angiogenesis","Immune cell amplification"
"VEGF","VEGFA","positive regulation of epithelial tube formation","Tissue construction / repair"
"VEGF","VEGFA","negative regulation of blood-brain barrier permeability","Resolution"
"VEGF","VEGFA","negative regulation of cell-cell adhesion mediated by cadherin","Resolution"
"VEGF","VEGFA","positive regulation of endothelial cell chemotaxis","Immune cell positioning"
"MMP-1","MMP1","proteolysis","Tissue destruction"
"MMP-1","MMP1","extracellular matrix organization","Tissue construction / repair"
"MMP-2","MMP2","proteolysis","Tissue destruction"
"MMP-2","MMP2","negative regulation of cell adhesion","Resolution"
"MMP-2","MMP2","peripheral nervous system axon regeneration","Tissue construction / repair"
"MMP-2","MMP2","cell migration","Immune cell positioning"
"MMP-2","MMP2","extracellular matrix organization","Tissue construction / repair"
"MMP-2","MMP2","positive regulation of cell migration","Immune cell positioning"
"MMP-2","MMP2","negative regulation of vasoconstriction","Resolution"
"MMP-2","MMP2","macrophage chemotaxis","Immune cell positioning"
"MMP-2","MMP2","positive regulation of oxidative stress-induced neuron intrinsic apoptotic signaling pathway","Tissue destruction"
"MMP-2","MMP2","positive regulation of vascular associated smooth muscle cell proliferation","Immune cell amplification"
"MMP-9","MMP9","proteolysis","Tissue destruction"
"MMP-9","MMP9","apoptotic process","Tissue destruction"
"MMP-9","MMP9","cell migration","Immune cell positioning"
"MMP-9","MMP9","extracellular matrix organization","Tissue construction / repair"
"MMP-9","MMP9","positive regulation of apoptotic process","Tissue destruction"
"MMP-9","MMP9","negative regulation of apoptotic process","Tissue destruction"
"MMP-9","MMP9","positive regulation of keratinocyte migration","Immune cell positioning"
"MMP-9","MMP9","positive regulation of vascular associated smooth muscle cell proliferation","Immune cell amplification"
"MMP-9","MMP9","negative regulation of epithelial cell differentiation involved in kidney development","Resolution"
"MMP-9","MMP9","negative regulation of intrinsic apoptotic signaling pathway","Tissue destruction"
"MMP-9","MMP9","negative regulation of cation channel activity","Resolution"
"MMP-10","MMP10","proteolysis","Tissue destruction"
"MMP-10","MMP10","extracellular matrix organization","Tissue construction / repair"
"RANKL","TNFSF11","negative regulation of transcription by RNA polymerase II","Resolution"
"RANKL","TNFSF11","osteoclast proliferation","Immune cell amplification"
"RANKL","TNFSF11","monocyte chemotaxis","Immune cell positioning"
"RANKL","TNFSF11","osteoclast differentiation","Bone remodeling"
"RANKL","TNFSF11","mammary gland epithelial cell proliferation","Immune cell amplification"
"RANKL","TNFSF11","osteoclast development","Bone remodeling"
"RANKL","TNFSF11","positive regulation of osteoclast differentiation","Bone remodeling"
"RANKL","TNFSF11","positive regulation of T cell activation","Immune cell activation"
"RANKL","TNFSF11","positive regulation of osteoclast development","Bone remodeling"
"RANKL","TNFSF11","positive regulation of extrinsic apoptotic signaling pathway","Tissue destruction"
"GDF-15","GDF15","negative regulation of leukocyte migration","Immune cell positioning"
"GDF-15","GDF15","negative regulation of transforming growth factor beta receptor signaling pathway","Resolution"
"GDF-15","GDF15","negative regulation of appetite","Resolution"
"GDF-15","GDF15","negative regulation of multicellular organism growth","Resolution"
"GDF-15","GDF15","negative regulation of SMAD protein signal transduction","Resolution"
"GDF-15","GDF15","negative regulation of growth hormone receptor signaling pathway","Resolution"
"DKK1","DKK1","negative regulation of transcription by RNA polymerase II","Resolution"
"DKK1","DKK1","negative regulation of neuron projection development","Resolution"
"DKK1","DKK1","negative regulation of Wnt signaling pathway","Resolution"
"DKK1","DKK1","negative regulation of ossification","Resolution"
"DKK1","DKK1","negative regulation of BMP signaling pathway","Resolution"
"DKK1","DKK1","negative regulation of protein binding","Resolution"
"DKK1","DKK1","negative regulation of peptidyl-serine phosphorylation","Resolution"
"DKK1","DKK1","negative regulation of mesodermal cell fate specification","Resolution"
"DKK1","DKK1","negative regulation of apoptotic process","Tissue destruction"
"DKK1","DKK1","regulation of neuron apoptotic process","Tissue destruction"
"DKK1","DKK1","negative regulation of SMAD protein signal transduction","Resolution"
"DKK1","DKK1","negative regulation of canonical Wnt signaling pathway","Resolution"
"DKK1","DKK1","negative regulation of Wnt-Frizzled-LRP5/6 complex assembly","Resolution"
"DKK1","DKK1","negative regulation of presynapse assembly","Resolution"
"DKK1","DKK1","negative regulation of cardiac muscle cell differentiation","Resolution"
"Periostin","POSTN","negative regulation of cell-matrix adhesion","Resolution"
"Periostin","POSTN","positive regulation of smooth muscle cell migration","Immune cell positioning"
"Periostin","POSTN","extracellular matrix organization","Tissue construction / repair"
"Periostin","POSTN","negative regulation of substrate adhesion-dependent cell spreading","Resolution"
"Periostin","POSTN","bone regeneration","Tissue construction / repair"
"TRAP5","ACP5","negative regulation of macrophage cytokine production","Immune cell activation"
"TRAP5","ACP5","negative regulation of interleukin-1 beta production","Resolution"
"TRAP5","ACP5","negative regulation of interleukin-12 production","Resolution"
"TRAP5","ACP5","negative regulation of tumor necrosis factor production","Resolution"
"TRAP5","ACP5","negative regulation of superoxide anion generation","Resolution"
"TRAP5","ACP5","negative regulation of nitric oxide biosynthetic process","Resolution"
"TRAP5","ACP5","negative regulation of inflammatory response","Resolution"
"OPG","TNFRSF11B","apoptotic process","Tissue destruction"
"OPG","TNFRSF11B","negative regulation of tumor necrosis factor-mediated signaling pathway","Resolution"
"OPG","TNFRSF11B","extracellular matrix organization","Tissue construction / repair"
"OPG","TNFRSF11B","negative regulation of odontogenesis of dentin-containing tooth","Resolution"
"OPG","TNFRSF11B","negative regulation of osteoclast differentiation","Resolution"
"OPG","TNFRSF11B","negative regulation of bone resorption","Resolution"
"YKL40","CHI3L1","apoptotic process","Tissue destruction"
"YKL40","CHI3L1","activation of NF-kappaB-inducing kinase activity","Immune cell activation"
